ID;Text;Question;Answer
3873;Durante el verano, tanto los índices en Europa como en Estados Unidos se vieron severamente castigados a raíz de las dudas sobre el crecimiento económico global.;¿Cuál es la razón de que los índices en Europa y Estados Unidos se vieran severamente castigados durante el verano?;las dudas sobre el crecimiento económico global
3874;La evaluación externa del desempeño del Consejo en 2016 se completó en septiembre, por lo que tuvimos la oportunidad de analizar sus conclusiones en lo que respecta a esta Comisión. El resultado de este ejercicio determina nuestras prioridades para 2017, principalmente manteniendo el foco en los planes de sucesión para consejeros y directivos.;¿Qué consecuencias tuvo completar en septiembre la evaluación externa del desempeño del Consejo en 2016?;tuvimos la oportunidad de analizar sus conclusiones en lo que respecta a esta Comisión
3876;Sin embargo el consumo total de electricidad y de gasóleo ha subido ligeramente en 2015 como consecuencia del incremento del número de coberturas y de la producción de programas especiales informativos derivados de la actualidad y especialmente de las elecciones Municipales, Autonómicas y Generales celebradas en 2015.;¿A raíz de qué subió ligeramente el consumo total de electricidad y gasóleo en 2015?;del incremento del número de coberturas y de la producción de programas especiales informativos derivados de la actualidad y especialmente de las elecciones Municipales, Autonómicas y Generales celebradas en 2015
3878;"Litigios Al 31 de diciembre de 2015 la provisión por litigios corresponde, principalmente, con los posibles desembolsos que pueden ponerse de manifiesto como consecuencia de la cancelación de un contrato con un cliente y para los que adicionalmente, existe un importe de 9.201 miles de euros registrados en el epígrafe ""Acreedores comerciales y otras cuentas por pagar – otros acreedores"" del balance de situación consolidado adjunto (Nota 8).";¿Cuál es el motivo de qué la provisión por litigios al 31 de diciembre de 2015 corresponda principalmente a posibles desembolsos?;"la cancelación de un contrato con un cliente y para los que adicionalmente, existe un importe de 9.201 miles de euros registrados en el epígrafe ""Acreedores comerciales y otras cuentas por pagar – otros acreedores"" del balance de situación consolidado adjunto (Nota 8)"
3879;Creemos que es necesario asegurar la igualdad de oportunidades para todos los colectivos que forman parte de la sociedad, al margen de su situación socioeconómica. Uno de los colectivos más vulnerables es el de las personas con discapacidad y, por ello, trabajamos para avanzar hacia su plena incorporación al ámbito laboral.;¿Qué implica que las personas con discapacidad sean uno de los colectivos más vulnerables?;trabajamos para avanzar hacia su plena incorporación al ámbito laboral
3881;"SEGMENTACIÓN a) Criterios de segmentación Los criterios aplicados a la hora de presentar la información segmentada del Grupo CAF incluida en las cuentas anuales consolidadas adjuntas son los siguientes: – La segmentación ha sido realizada según las unidades de negocio, separando las actividades operativas de ""Ferroviario"" y ""Rodaje y componentes"" . – Adicionalmente se incorpora información según criterios geográficos del Grupo. b) Bases y metodología de la información por segmentos Los ingresos y gastos ordinarios del segmento corresponden a los directamente atribuibles al segmento por lo que no incluyen intereses, dividendos, ganancias o pérdidas procedentes de venta de inversiones o de operaciones de rescate o extinción de deuda.";¿Qué consecuencia tiene que los ingresos y gastos ordinarios correspondan a los directamente atribuibles al segmento?;no incluyen intereses, dividendos, ganancias o pérdidas procedentes de venta de inversiones o de operaciones de rescate o extinción de deuda
3883;Su ámbito es más amplio que el del Modelo de Cumplimiento normativo y prevención de delitos porque engloba SCIIF, entre otros.;¿Qué consecuencia tiene englobar SCIIF, entre otros?;Su ámbito es más amplio que el del Modelo de Cumplimiento normativo y prevención de delitos
3884;"El nuevo Plan Estratégico 2017-2019, identifica la transformación digital como un medio fundamental para lograr un modelo energético sostenible, por lo que ENDESA está actuando sobre 3 ejes principales: la digitalización de los activos de la empresa (instalaciones de generación y red de distribución de electricidad); el desarrollo de una cultura digital dentro de la empresa, y la digitalización de nuestros clientes y de la forma en la que ENDESA se relaciona con ellos.";¿Cuál es el resultado de identificar la transformación digital como un medio para lograr un modelo energético sostenible en el nuevo Plan Estratégico 2017-2019?;"ENDESA está actuando sobre 3 ejes principales: la digitalización de los activos de la empresa (instalaciones de generación y red de distribución de electricidad); el desarrollo de una cultura digital dentro de la empresa, y la digitalización de nuestros clientes y de la forma en la que ENDESA se relaciona con ellos"
3892;La cadena de proveedores constituye un eslabón fundamental para la gestión responsable y sostenible del negocio. Por ello, Mediaset España promueve prácticas responsables en su ámbito de influencia, trasladando el compromiso con estándares ambientales, sociales y éticos a lo largo de su cadena de suministro.;¿Qué efectos tiene que la cadena de proveedores sea fundamental para la gestión responsable y sostenible del negocio?;Mediaset España promueve prácticas responsables en su ámbito de influencia, trasladando el compromiso con estándares ambientales, sociales y éticos a lo largo de su cadena de suministro.
3893;Su reutilización no es posible pero sí su reciclaje, por lo que el 98% son reciclados por empresas especializadas.;¿Qué consecuencia tiene que no sea posible la reutilización pero sí el reciclaje?;el 98% son reciclados por empresas especializadas
3894;Aun así, gracias al plan de ahorro y eficiencia implementado a lo largo del año, los costes operativos se redujeron y los gastos no recurrentes bajaron un 60%, hasta los 14 millones de euros.;¿Qué provocó el plan de ahorro y eficiencia que se implementó a lo largo del año?;los costes operativos se redujeron y los gastos no recurrentes bajaron un 60%, hasta los 14 millones de euros
3896;La cooperación entre Inditex y la Tsinghua University School of Economics and Management (Tsinghua SEM) está definida en virtud de un acuerdo trienal entre las partes, que empezó su andadura en 2017 y se prolongará hasta 2019.;¿Qué efecto tiene el acuerdo trienal iniciado en 2017 y que se prolongará hasta 2019?;La cooperación entre Inditex y la Tsinghua University School of Economics and Management (Tsinghua SEM) está definida
3897;Atresmedia, primer grupo de comunicación audiovisual socio de Forética Atresmedia ha firmado un convenio de colaboración con Forética en virtud del cual la compañía audiovisual se convierte en el primer grupo de comunicación en ser socio de una de las entidades de referencia en RSE y sostenibilidad de España y Latinoamérica.;¿Qué efecto tiene que la compañía audiovisual sea el primer grupo de comunicación en ser socio de una entidad de referencia en RSE y sostenibilidad en España y Latinoamérica?;Atresmedia, primer grupo de comunicación audiovisual socio de Forética Atresmedia ha firmado un convenio de colaboración con Forética
3899;La creación de valor no es estática, por ello, los proyectos se desarrollan con un horizonte temporal más amplio, alineado con el Plan Estratégico.;¿Qué implica que la creación de valor no sea estática?;los proyectos se desarrollan con un horizonte temporal más amplio, alineado con el Plan Estratégico
3904;• Tanto los delegados implicados en la gestión del programa como los voluntarios se sienten muy satisfechos con su contribución, por lo que todos ellos recomendarían participar.;¿Por qué todos ellos recomendarían participar?;Tanto los delegados implicados en la gestión del programa como los voluntarios se sienten muy satisfechos con su contribución
3905;Banco Sabadell cree que la relación con los clientes debe ser una relación a largo plazo, basada en la confianza y la autenticidad. Por ello, el Banco apuesta por la mejora de la experiencia de cliente como una fuente de diferenciación competitiva y crecimiento rentable. Esta apuesta se entiende como natural teniendo en cuenta que la excelencia en la calidad de servicio es parte del ADN de Banco Sabadell.;¿Qué efectos tiene que Banco Sabadell considere que la relación con los clientes debe ser a largo plazo, basada en la confianza y la autenticidad?;el Banco apuesta por la mejora de la experiencia de cliente como una fuente de diferenciación competitiva y crecimiento rentable. Esta apuesta se entiende como natural teniendo en cuenta que la excelencia en la calidad de servicio es parte del ADN de Banco Sabadell.
3909;La cifra total de ingresos descendió un 1,9% debido al impacto negativo de los tipos de cambio y al efecto de la desinversión del negocio no estratégico de Bélgica durante el ejercicio 2014.;¿A qué se atribuye que la cifra total de ingresos descendiera un 1,9%?;al impacto negativo de los tipos de cambio y al efecto de la desinversión del negocio no estratégico de Bélgica durante el ejercicio 2014
3911;• La estrategia fiscal de DIA se basará en una interpretación razonable y responsable de las normas tributarias. En consecuencia, DIA procurará que la aplicación de la normativa tributaria esté debidamente fundada en Derecho especialmente cuando la norma fiscal no sea clara o esté sujeta a interpretación.;¿Qué efectos tiene que la estrategia fiscal de DIA se base en una interpretación razonable y responsable de las normas tributarias?;DIA procurará que la aplicación de la normativa tributaria esté debidamente fundada en Derecho especialmente cuando la norma fiscal no sea clara o esté sujeta a interpretación.
3917;"Pasión por el deporte El ""running"" sigue sumando aficionados y es por ello que Atresmedia Eventos continúa organizando grandes citas en torno a este deporte en varias ciudades españolas.";"¿Qué implica que el ""running"" siga sumando aficionados?";Atresmedia Eventos continúa organizando grandes citas en torno a este deporte en varias ciudades españolas
3918;Se respeta la diversidad individual de los miembros del grupo ya que dicha diversidad es, precisamente, la que enriquece el conjunto a través de la incorporación de distintas formas de ser y de hacer.;¿Por qué se respeta la diversidad individual de los miembros del grupo?;dicha diversidad es, precisamente, la que enriquece el conjunto a través de la incorporación de distintas formas de ser y de hacer
3922;Gracias a su apuesta digital, Zardoya OTIS disminuirá en los próximos meses gran parte del consumo de papel que tradicionalmente exigía la asistencia a nuestros clientes.;¿Qué efecto tiene la apuesta digital?;Zardoya OTIS disminuirá en los próximos meses gran parte del consumo de papel que tradicionalmente exigía la asistencia a nuestros clientes
3924;El importe neto de la cifra de negocios, 4.627 millones de euros, fue un 16,6% superior al del ejercicio precedente, gracias al repunte de los precios.;¿Qué provocó el repunte de los precios?;El importe neto de la cifra de negocios, 4.627 millones de euros, fue un 16,6% superior al del ejercicio precedente
3925;Contiene los principios de actuación y las pautas de conducta que deben seguir los administradores, directores y empleados del Grupo Viscofan en sus salidas, desplazamientos o estancias, tanto temporales como permanentes, en países distintos de sus países de origen, como consecuencia de su relación profesional con el Grupo Viscofan.;¿Cuál es el motivo de que los administradores, directores y empleados del Grupo Viscofan deban seguir unas pautas de conducta en sus salidas, desplazamientos o estancias?;su relación profesional con el Grupo Viscofan
3926;Finalmente, en relación al cumplimiento del Plan de eficiencia establecido dentro de los objetivos del Plan estratégico 2013-2015, se ha ejecutado de forma más que satisfactoria puesto que la cifra de ahorro acumulada para el período considerado asciende a 306 millones de euros, por encima de los 300 millones de euros marcados como objetivo.;¿Por qué se ha ejecutado el plan de eficiencia de forma más que satisfactoria?;la cifra de ahorro acumulada para el período considerado asciende a 306 millones de euros, por encima de los 300 millones de euros marcados como objetivo
3927;La producción neta de hipotecas netas superó los 2.000 mil lones de libras en 2014, con lo Que Santander UK ha vuelto a la senda de crecimiento en este negocio.;¿Qué hizo que Santander UK haya vuelto a la senda de crecimiento en este negocio?;La producción neta de hipotecas netas superó los 2.000 mil lones de libras en 2014
3929;Financieros Con el fin de reducir el riesgo de tipo de cambio, este riesgo debe de ser gestionado de forma proactiva, suficiente y sistemática, por lo que el Grupo ha implementado una Política de Gestión de Riesgo de Tipo de Cambio que tiene como objetivos fundamentales minimizar las potenciales pérdidas económicas y la volatilidad en los estados contables resultantes de este riesgo.;¿Qué implica que este riesgo deba ser gestionado de forma proactiva, suficiente y sistemática?;el Grupo ha implementado una Política de Gestión de Riesgo de Tipo de Cambio que tiene como objetivos fundamentales minimizar las potenciales pérdidas económicas y la volatilidad en los estados contables resultantes de este riesgo
3930;Estos resultados llegan como consecuencia de las medidas adoptadas por la fábrica, entre las que se incluyen nuevos procesos de control y sesiones informativas y de concienciación en seguridad de cada empleado.;¿Qué provocó que llegaran estos resultados?;las medidas adoptadas por la fábrica, entre las que se incluyen nuevos procesos de control y sesiones informativas y de concienciación en seguridad de cada empleado
3931;Ser responsable es una actitud, una forma de gestionar la empresa y por ello es importante involucrar a todos los colectivos con los que MAPFRE se relaciona: empleados, clientes, proveedores, distribuidores, accionistas y la sociedad, en general.;¿Por qué es importante involucrar a todos los colectivos con los que MAPFRE se relaciona?;Ser responsable es una actitud, una forma de gestionar la empresa
3932;Estoy segura de que lo conseguiremos porque contamos con un equipo dispuesto a esforzarse al máximo para dar el mejor servicio a los clientes.;¿Debido a qué está segura de que lo conseguirán?;contamos con un equipo dispuesto a esforzarse al máximo para dar el mejor servicio a los clientes
3934;Enfoque de gestión y evaluación contemplados en el capítulo 5. 308-1 Nuevos proveedores que han sido evaluados según criterios ambientales La evaluación de proveedores incluye criterios ambientales, la cual es realizada por el departamento de Calidad, Medio Ambiente, Bienestar y Salud dado que entre las cuestiones que se valoran en la evaluación periódica se incluyen los resultados de las auditorías internas al sistema de gestión y la disposición de un sistema de gestión ambiental, especialemente para los proveedores con una mayor relación en la valoración de los aspectos ambientales del Grupo.;¿Cuál es el motivo de que la evaluación de proveedores sea realizada por el departamento de Calidad, Medio Ambiente, Bienestar y Salud?;entre las cuestiones que se valoran en la evaluación periódica se incluyen los resultados de las auditorías internas al sistema de gestión y la disposición de un sistema de gestión ambiental, especialemente para los proveedores con una mayor relación en la valoración de los aspectos ambientales del Grupo
3935;En cuanto a la actividad comercial en el negocio fijo destaca el buen comportamiento de la banda ancha y de la TV de pago gracias al éxito de la campaña de paquetización de los tres servicios.;¿A qué se debe el buen comportamiento de la banda ancha y de la TV de pago?;al éxito de la campaña de paquetización de los tres servicios
3939;Durante los días 8, 9 y 10 de marzo, y con motivo del Día Internacional de la Mujer, Grupo DIA puso en marcha una campaña de información y sensibilización basada en dos ejes principales: el talento y la digitalización. A través de esta iniciativa, se les hizo llegar a todo el personal en España, infografías con datos y estadísticas sobre la igualdad y la digitalización, al igual que artículo monográfico sobre la mujer y la transformación digital. Asimismo, se hizo público también entre todos los empleados los objetivos de Naciones Unidas para la igualdad de Género y se convocó el concurso “Mujeres que dejaron huella”, donde las personas que trabajan en DIA enviaron sus selfies con las aportaciones como inventos u obras literarias realizadas por mujeres a lo largo de la historia.;¿Qué impacto tuvo el Día Internacional de la Mujer?;Grupo DIA puso en marcha una campaña de información y sensibilización basada en dos ejes principales: el talento y la digitalización
3944;Integración y gestión de los riesgos ambientales, sociales y de gobernanza (ASG) Las empresas aseguradoras juegan un papel importante a la hora de afrontar los desafíos globales en sostenibilidad, ya que tienen la capacidad de proyectar el conocimiento y la experiencia adquiridos para la propia protección hacia la protección de los intereses de clientes y terceros.;¿Por qué las aseguradoras juegan un papel importante en afrontar desafíos globales en sostenibilidad?;tienen la capacidad de proyectar el conocimiento y la experiencia adquiridos para la propia protección hacia la protección de los intereses de clientes y terceros
3950;Además, gracias a nuestra colaboración con Cáritas, y con el objetivo de extender también este programa más allá de nuestras tiendas, entre 2016 y 2017 se instalaron 1.856 contenedores en las calles españolas.;¿Cuál es el resultado de la colaboración de la empresa con Cáritas?;entre 2016 y 2017 se instalaron 1.856 contenedores en las calles españolas
3953;En ingresos, el margen de intereses aumenta un 6,7% gracias a los mayores volúmenes y a la gestión de los spreads en un entorno de tipos bajos.;¿Cuáles son las causas de que el margen de intereses aumentara un 6,7% en ingresos?;los mayores volúmenes y a la gestión de los spreads en un entorno de tipos bajos
3956;"En Venezuela, totalizan 10,7 millones (+2% interanual; +3% en contrato) tras el fuerte incremento de la ganancia neta en el trimestre (407 mil accesos) gracias al éxito de la Campaña de Navidad y la mayor disponibilidad de terminales.";¿Cuál es el resultado del éxito que ha tenido la Campaña de Navidad y la mayor disponibilidad de terminales?;"En Venezuela, totalizan 10,7 millones (+2% interanual; +3% en contrato) tras el fuerte incremento de la ganancia neta en el trimestre (407 mil accesos)"
3959;Es importante mencionar que la cartera hotelera de la Compañía en Brasil es principalmente urbana, por lo que cualquier reducción en el presupuesto de gastos en viajes corporativos conlleva un impacto significativo en este tipo de hoteles.;¿Qué efecto tiene que la cartera hotelera de la Compañía en Brasil sea en su mayor parte urbana?;cualquier reducción en el presupuesto de gastos en viajes corporativos conlleva un impacto significativo en este tipo de hoteles
3964;La inflación anual se mantuvo elevada y cerró diciembre en el 11,9%, después de haberse situado en el 13% en el mes de noviembre, gracias a los efectos base favorables tras el significativo repunte observado hace un año.;¿Cuál fue la consecuencia de los efectos base favorables tras el repunte significativo del año anterior?;La inflación anual se mantuvo elevada y cerró diciembre en el 11,9%, después de haberse situado en el 13% en el mes de noviembre
3966;La variación de precios de las materias primas no ha tenido impacto en el ejercicio dado que el grupo mantiene exposiciones residuales, tanto directas como en activos subyacentes.;¿Qué ha provocado que la variación de precios de las materias primas no haya tenido impacto en el ejercicio?;el grupo mantiene exposiciones residuales, tanto directas como en activos subyacentes
3967;Deoleo ha conseguido reducir su consumo anual en España en torno al 38% entre los años 2015 y 2017 gracias a las medidas implantadas en los últimos tiempos, su objetivo es seguir disminuyéndolo mediante la optimización de los procesos y la reutilización, sin afectar la calidad y seguridad de los productos, así como mejorar la calidad de los vertidos finales.;¿Qué efecto han tenido las medidas que se han implantado últimamente?;Deoleo ha conseguido reducir su consumo anual en España en torno al 38% entre los años 2015 y 2017
3969;No obstante, estas extraordinarias noticias no deben dar lugar a la autocomplacencia. Por eso, nos encontramos en el proceso de adaptar nuestro sistema para cumplir con la futura norma ISO 45001 y hemos realizado estudios exhaustivos para identificar riesgos laborales en una amplia variedad de áreas. También estamos ofreciendo formación para la Dirección, diseñando un nuevo conjunto de ejercicios y simulacros y revisando a fondo los escenarios de crisis y los planes de contingencia.;¿Cuál es la consecuencia de evitar la autocomplacencia ante estas extraordinarias noticias?;nos encontramos en el proceso de adaptar nuestro sistema para cumplir con la futura norma ISO 45001 y hemos realizado estudios exhaustivos para identificar riesgos laborales en una amplia variedad de áreas.
3972;Simultáneamente, hemos comenzado a trabajar en la cuarta edición, que supondrá una importante ampliación del alcance del programa, ya que también abarcará cuestiones adicionales de sostenibilidad ambiental.;¿Qué consecuencias tiene abarcar cuestiones adicionales de sostenibilidad ambiental?;hemos comenzado a trabajar en la cuarta edición, que supondrá una importante ampliación del alcance del programa
3973;"""La relación con Atresmedia ha sido paralela a la de PUBLIPUNTO, ya que cumplimos también 25 años.";¿Qué impacto tiene el que 25 cumplan años?;La relación con Atresmedia ha sido paralela a la de PUBLIPUNTO
3974;El Grupo ACS entiende, además, la relevancia que tiene el enraizamiento local y la sensibilidad hacia las particularidades de cada territorio para el éxito de la compañía. Por tal razón, promueve la contratación directa de empleados y directivos locales. Asimismo, el Grupo ACS está fuertemente comprometido con la integración laboral de personas de colectivos vulnerables.;¿Cuál es el resultado de que el Grupo ACS entienda la relevancia del enraizamiento local y la sensibilidad hacia las particularidades de cada territorio?;promueve la contratación directa de empleados y directivos locales. Asimismo, el Grupo ACS está fuertemente comprometido con la integración laboral de personas de colectivos vulnerables.
3975;Cuentas Anuales Consolidadas 227 El fondo de comercio provisional resultante de esta combinación de negocios es atribuible a la alta rentabilidad del negocio adquirido (principal compañía en distribución, transporte de electricidad y de gas natural en Chile, con amplia presencia en el sector de gas licuado del petróleo) y a los beneficios y sinergias que se prevén que surjan como consecuencia de la integración en la plataforma de distribución de gas y electricidad de Gas Natural Fenosa, líder en toda Latinoamérica.;¿Cuál es el resultado de la integración en la plataforma de distribución de Gas Natural Fenosa?;El fondo de comercio provisional resultante de esta combinación de negocios es atribuible a la alta rentabilidad del negocio adquirido (principal compañía en distribución, transporte de electricidad y de gas natural en Chile, con amplia presencia en el sector de gas licuado del petróleo) y a los beneficios y sinergias que se prevén que surjan
3976;En este nuevo entorno, las telecomunicaciones juegan un papel absolutamente esencial en la digitalización de la economía, ya que, sin la conectividad, los servicios ofrecidos y la innovación tecnológica que generan, dicha digitalización sería impensable.;¿Por qué las telecomunicaciones juegan un papel esencial en la digitalización de la economía?;sin la conectividad, los servicios ofrecidos y la innovación tecnológica que generan, dicha digitalización sería impensable
3978;En diciembre de 2015, la inflación interanual se situó próxima a cero (0,2%), debido a los bajos precios de la energía y de los alimentos, mientras que la inflación, excluidos la energía y los alimentos, repuntó hasta el 1,4%.;Los bajos precios de la energía y los alimentos, ¿qué consecuencia tuvieron?;En diciembre de 2015, la inflación interanual se situó próxima a cero (0,2%)
3979;Producto El año 2014 ha estado marcado por un crecimiento económico bajo y ha presentado unas rentabilidades esperadas a priori muy moderadas por lo que la gestión profesional y el adecuado control del riesgo han sido primordiales.;¿Por qué la gestión profesional y el control del riesgo han sido primordiales?;El año 2014 ha estado marcado por un crecimiento económico bajo y ha presentado unas rentabilidades esperadas a priori muy moderadas
3980;"El mejor equipo El activo más importante del Grupo de BBVA son las personas que lo componen y, por eso, una de las seis Prioridades Estratégicas es ""El mejor equipo"" .";¿Por qué razón una de las seis Prioridades Estratégicas es «El mejor equipo»?;El activo más importante del Grupo de BBVA son las personas que lo componen
3981;También se ha producido una excepción de VaR al 99% (días en los que la pérdida diaria fue superior al VaR) el 16 de octubre, explicada principalmente por España, debido a la subida de los spreads de crédito en Europa y el descenso de los índices de renta variable.;¿Qué impacto ha tenido que hayan subido los spreads de crédito en Europa y hayan descendido los índices de renta variable?;se ha producido una excepción de VaR al 99% (días en los que la pérdida diaria fue superior al VaR) el 16 de octubre, explicada principalmente por España
3984;"Responsable de Cumplimiento Penal Es la persona que asume responsabilidad directa y específica en actividades relacionadas con la responsabilidad penal; es, pues, responsable directo de la efectiva y completa aplicación del Modelo.";¿Por qué es responsable directo de aplicar de manera efectiva y completa el Modelo?;Es la persona que asume responsabilidad directa y específica en actividades relacionadas con la responsabilidad penal
3985;"Como consecuencia de los procesos de desinversión de los negocios de distribución y comercialización de gas en Italia, distribución de gas en Colombia, distribución eléctrica en Moldavia y generación eléctrica en Kenia, descritos en la Nota 9 ""Activos no corrientes y grupos enajenables de elementos mantenidos para la venta y actividades interrumpidas"" de las Cuentas Anuales Consolidadas, la Cuenta de Pérdidas y Ganancias consolidada correspondiente al ejercicio 2016 ha sido re-expresada, a efectos comparativos con la información relativa al ejercicio 2017, en aplicación de la NIIF 5.";¿Qué provocó que la Cuenta de Pérdidas y Ganancias consolidada del 2016 fuera re-expresada para compararse con el 2017 según la NIIF 5?;"los procesos de desinversión de los negocios de distribución y comercialización de gas en Italia, distribución de gas en Colombia, distribución eléctrica en Moldavia y generación eléctrica en Kenia, descritos en la Nota 9 ""Activos no corrientes y grupos enajenables de elementos mantenidos para la venta y actividades interrumpidas"" de las Cuentas Anuales Consolidadas"
3987;A su vez, la aprobación de los planes individuales se lleva a cabo en los órganos locales y siempre e forma coordinada con el Grupo, ya que deben formar parte del plan corporativo.;¿Qué provoca el hecho de que deban formar parte del plan corporativo?;la aprobación de los planes individuales se lleva a cabo en los órganos locales y siempre e forma coordinada con el Grupo
3990;Gracias a nuestro estudio Things Matter, que está centrado en el uso que las personas hacen de las cosas conectadas, podemos visualizar claramente qué aspectos de nuestra sociedad están experimentando, en mayor o menor medida, el impacto de Internet de las Cosas.;¿Qué consecuencias tiene nuestro estudio Things Matter sobre el uso de las cosas conectadas?;podemos visualizar claramente qué aspectos de nuestra sociedad están experimentando, en mayor o menor medida, el impacto de Internet de las Cosas
3993;La forma en la que se han gestionado estas incidencias ha sido clave en la resolución de las mismas, por lo que no ha sido necesario activar las garantías de seguro que el Grupo tiene contratadas.;¿Qué provocó que no haya sido necesario activar las garantías de seguro que el Grupo tiene contratadas?;La forma en la que se han gestionado estas incidencias ha sido clave en la resolución de las mismas
3996;El análisis de escenarios es una herramienta robusta y de gran utilidad para la gestión a todos los niveles, ya que permite evaluar la resistencia del Banco ante entornos o escenarios estresados, así como poner en marcha conjuntos de medidas que disminuyan el perfil de riesgo de este ante dichos escenarios.;¿Qué factores contribuyen a que el análisis de escenarios sea una herramienta robusta y de gran utilidad para la gestión?;permite evaluar la resistencia del Banco ante entornos o escenarios estresados, así como poner en marcha conjuntos de medidas que disminuyan el perfil de riesgo de este ante dichos escenarios
3997;Gracias a nuestra capacidad de transformación y adaptación nos hemos mantenido a la vanguardia de los cambios en la industria hotelera, satisfaciendo las demandas de nuestros grupos de interés.;¿Qué consecuencias ha tenido su capacidad de transformación y adaptación?;nos hemos mantenido a la vanguardia de los cambios en la industria hotelera, satisfaciendo las demandas de nuestros grupos de interés
3998;La inflación bajó como consecuencia de la caída del precio del petróleo, si bien la subyacente se mantuvo (1,3%) por debajo del objetivo (2%).;¿Qué provocó que la inflación bajara?;la caída del precio del petróleo
3999;Se trata de un comité transversal, ya que cuenta con la participación de todas las divisiones corporativas implicadas en la gestión y control del RO.;¿Por qué se trata de un comité transversal?;cuenta con la participación de todas las divisiones corporativas implicadas en la gestión y control del RO
4000;Primero, porque queremos acelerar el crecimiento orgánico y el nuevo capital nos permitirá aumentar con prudencia nuestra cuota de mercado, ahora que se espera un mayor crecimiento económico en nuestros mercados principales.;¿Cuál es la consecuencia de acelerar el crecimiento orgánico?;nos permitirá aumentar con prudencia nuestra cuota de mercado, ahora que se espera un mayor crecimiento económico en nuestros mercados principales
4001;Somos conscientes de los beneficios que ofrece la inclusión digital para reducir la pobreza, mejorar las infraestructuras básicas y acceder a servicios culturales, educativos y financieros. Por ello, apostamos por un fuerte despliegue de red que permita a un creciente número de personas formar parte de la sociedad digital. Prueba de esto es que hemos invertido más de 45.000 millones de euros desde el año 2012 con este objetivo.;¿Por qué apuestan por un fuerte despliegue de red para integrar a más personas en la sociedad digital?;Somos conscientes de los beneficios que ofrece la inclusión digital para reducir la pobreza, mejorar las infraestructuras básicas y acceder a servicios culturales, educativos y financieros.
4002;A 31 de diciembre de 2015, el efecto resultante de cambiar las principales asunciones utilizadas en la valoración de los instrumentos financieros del Nivel 3 por otras hipótesis razonablemente posibles, tomando el valor más alto (hipótesis más favorables) o más bajo (hipótesis menos favorables) del rango que se estima probable, no es significativo porque el importe de instrumentos financieros clasificados en nivel 3 es inmaterial.;¿Cuál es el resultado de que el importe de instrumentos financieros clasificados en nivel 3 sea inmaterial?;A 31 de diciembre de 2015, el efecto resultante de cambiar las principales asunciones utilizadas en la valoración de los instrumentos financieros del Nivel 3 por otras hipótesis razonablemente posibles, tomando el valor más alto (hipótesis más favorables) o más bajo (hipótesis menos favorables) del rango que se estima probable, no es significativo
4004;La cuenta nómina se consolidó con el principal factor de atracción, debido a esto creció el número de clientes particulares activos un 3,8%, hasta alcanzar la cifra de 335.775.;¿Qué consecuencia tuvo la consolidación de la cuenta nómina como principal factor de atracción?;creció el número de clientes particulares activos un 3,8%, hasta alcanzar la cifra de 335.775
4005;Como consecuencia de dicha valoración se ha registrado en la cuenta de resultados un ingreso por importe de 14.049 miles de euros.;¿Cuál ha sido el resultado de la valoración?;se ha registrado en la cuenta de resultados un ingreso por importe de 14.049 miles de euros
4008;El Consejo de Administración, la Dirección y todos y cada uno de los profesionales y colaboradores de Indra asumen la responsabilidad y el compromiso de establecer una sólida cultura de cumplimiento e integridad. En consecuencia, se requiere que todos los profesionales y colaboradores lleven a cabo sus actividades con el compromiso de cumplir la legislación y regulaciones vigentes, el Código Ético y de Cumplimiento Legal, las políticas internas y todos los procedimientos y controles establecidos por la compañía.;¿Qué impacto tiene que Indra asuma la responsabilidad de establecer una cultura de cumplimiento e integridad?;se requiere que todos los profesionales y colaboradores lleven a cabo sus actividades con el compromiso de cumplir la legislación y regulaciones vigentes, el Código Ético y de Cumplimiento Legal, las políticas internas y todos los procedimientos y controles establecidos por la compañía.
4010;En 2017 ha aumentado de forma significativa el número de horas de formación por empleado debido al aumento del número de cursos impartidos, habiendo recibido cada empleado formado dos o más cursos durante el ejercicio.;¿A qué se atribuye que en 2017 haya aumentado significativamente el número de horas de formación por empleado?;al aumento del número de cursos impartidos, habiendo recibido cada empleado formado dos o más cursos durante el ejercicio
4013;Como consecuencia de esta situación, los precios se mantuvieron a la baja en la primera mitad del año.;¿Qué provocó esta situación?;los precios se mantuvieron a la baja en la primera mitad del año
4014;TACC: Tasa Anual de Crecimiento Compuesto, i.e: crecimiento anual medio ponderado. ** Para Engie, Enel, E.ON y RWE los valores de EBITDA 2017 corresponden a las estimaciones publicadas por Bloomberg, debido a la falta de cifras definitivas a la fecha de realización de este documento.;¿Qué ha provocado la falta de cifras definitivas a la fecha de realización de este documento?;Para Engie, Enel, E.ON y RWE los valores de EBITDA 2017 corresponden a las estimaciones publicadas por Bloomberg
4018;Como se ha señalado, esta fase de implantación es otra de las posibles fuentes de riesgo de modelo, por lo que es requisito indispensable que se realicen pruebas por parte de los equipos técnicos y los propietarios del modelo, certificando que se ha implementado de acuerdo a la definición metodológica y funciona de acuerdo a lo esperado. 7.- Seguimiento y control Los modelos deben ser periódicamente revisados para asegurar que funcionan correctamente y son adecuados para el uso que se les está dando o, en caso contrario, deben ser adaptados o rediseñados.;¿Qué implica que esta fase de implantación sea una posible fuente de riesgo de modelo?;es requisito indispensable que se realicen pruebas por parte de los equipos técnicos y los propietarios del modelo, certificando que se ha implementado de acuerdo a la definición metodológica y funciona de acuerdo a lo esperado
4020;Todos los contenidos de Atresplayer emitidos en televisión y que no sean directos, están subtitulados gracias a las nuevas mejoras incorporadas en el sistema.;¿Qué han provocado las mejoras incorporadas en el sistema?;Todos los contenidos de Atresplayer emitidos en televisión y que no sean directos, están subtitulados
4021;Este sistema supone un importante avance en el impacto medioambiental ya que los sistemas de purificación propuestos eliminan impurezas, productos químicos e imperfecciones sin perjudicar la calidad del agua consumible por el cliente, reduciendo además espacio de almacenaje, costes económicos y tiempo por la gestión logística del producto.;¿Por qué este sistema supone un avance importante en el impacto medioambiental?;los sistemas de purificación propuestos eliminan impurezas, productos químicos e imperfecciones sin perjudicar la calidad del agua consumible por el cliente, reduciendo además espacio de almacenaje, costes económicos y tiempo por la gestión logística del producto
4022;En Alemania, el RevPAR se espera que crezca a un nivel de dígito bajo en el primer trimestre del año frente al 1T 2017, ya que 2018 será un año de ferias bianuales.;¿Cuál es el resultado de que 2018 sea un año de ferias bianuales?;En Alemania, el RevPAR se espera que crezca a un nivel de dígito bajo en el primer trimestre del año frente al 1T 2017
4023;Esta tendencia favorable se produjo a pesar de haberse generado menores comisiones de mantenimiento de cuentas debido a la suspensión de su cobro al segmento retail, impuesta por el Consejo de Estado turco, y de los altos ingresos generados en el 2016 por el programa de millas Miles & Smiles.;¿A qué se atribuye la tendencia favorable que se produjo?;a la suspensión de su cobro al segmento retail, impuesta por el Consejo de Estado turco, y de los altos ingresos generados en el 2016 por el programa de millas Miles & Smiles
4025;La clasificación de las exposiciones por cliente es una herramienta de control y mitigación de riegos ya que permite limitar la exposición por cliente.;¿Cuál es el motivo de que la clasificación de las exposiciones por cliente sea una herramienta de control y mitigación de riegos?;permite limitar la exposición por cliente
4026;En depósitos, fuerte crecimiento gracias al éxito de las campañas realizadas en la segunda mitad del ejercicio.;¿A qué se debe que hubiera un crecimiento fuerte en los depósitos?;al éxito de las campañas realizadas en la segunda mitad del ejercicio
4028;La entrada neta ordinaria no incorpora las reclasificaciones a dudoso realizadas durante 2013 con motivo de la revisión de los criterios de clasificación a refinanciado. 59 La cartera de valores del Grupo Banco Sabadell en 2014 se incrementó el 7,7% respecto al ejercicio anterior y se situó en 24.293 millones de euros al cierre del ejercicio.;¿Cuál es la consecuencia de que se hayan revisado los criterios de clasificación a refinanciado?;La entrada neta ordinaria no incorpora las reclasificaciones a dudoso realizadas durante 2013
4029;Se observa una caída del coste de crédito durante el año, desde el 4,9% de 2014 hasta el 4,5% en 2015 gracias a un crecimiento de las dotaciones inferior al observado en la inversión crediticia, apoyado también en la estrategia de cambio de mix de productos.;¿A qué se debe que se haya observado una caída del coste de crédito desde el 4,9% de 2014 hasta el 4,5% de 2015?;a un crecimiento de las dotaciones inferior al observado en la inversión crediticia, apoyado también en la estrategia de cambio de mix de productos
4031;Es cierto que se ha registrado una desaceleración de la actividad en la segunda parte de 2015 respecto a lo observado en el primer semestre debido a la ralentización de la demanda mundial, el agotamiento de algunos factores cíclicos y el aumento de la incertidumbre, en parte ligada al ciclo electoral español, pero las previsiones indican que se alcanzará un incremento del PIB de alrededor de un 2,7% para 2016.;¿A qué se atribuye que se haya registrado una desaceleración de la actividad en la segunda parte de 2015 respecto al primer semestre?;a la ralentización de la demanda mundial, el agotamiento de algunos factores cíclicos y el aumento de la incertidumbre, en parte ligada al ciclo electoral español
4033;Creemos que dar a las personas y empresas el control de sus datos es fundamental en un contexto de transición a la economía digital. Por ello, desarrollamos un marco de trabajo ético para el procesamiento y privacidad de la información (ver capítulo 'Confianza digital').;¿Qué consecuencias tiene dar a las personas y empresas el control de sus datos en la transición a la economía digital?;desarrollamos un marco de trabajo ético para el procesamiento y privacidad de la información
4035;No obstante, a raíz del informe de la Comisión Nacional de los Mercados y la Competencia (CNMC) sobre dicha propuesta, el Ministerio empezó a analizar un nuevo mecanismo de ayuda para garantizar la quema de carbón nacional por parte de las centrales térmicas con el objetivo de no poner en riesgo la seguridad de suministro, y que fuera aceptado por Bruselas.;¿Qué sucedió a consecuencia del informe de la CNMC sobre la propuesta?;el Ministerio empezó a analizar un nuevo mecanismo de ayuda para garantizar la quema de carbón nacional por parte de las centrales térmicas con el objetivo de no poner en riesgo la seguridad de suministro, y que fuera aceptado por Bruselas
4036;Nos esforzamos para ser sencillos, consistentes y relevantes para nuestros clientes. Por ello, nuestro programa integrado de mejora operativa, constituido en torno al conjunto de interacciones que un cliente tiene con nuestra empresa a lo largo de su ciclo de vida, identifica oportunidades y diseña soluciones ágiles y eficaces.;¿Por qué motivo el programa integrado de mejora operativa identifica oportunidades y diseña soluciones ágiles y eficaces?;Nos esforzamos para ser sencillos, consistentes y relevantes para nuestros clientes.
4037;En 2014, la actividad en las autopistas del Grupo presenta una evolución positiva, gracias a los incrementos registrados en los principales países en los que opera Ingresos explotación (millones de euros) Autopistas Telecomunicaciones Terrestres Telecomunicaciones Satélites Servicios corporativos y otros TOTAL 2014 EBITDA (millones de euros) Autopistas Telecomunicaciones Terrestres Telecomunicaciones Satélites Servicios corporativos y otros TOTAL España Francia Brasil Chile Argentina Puerto Rico Resto del mundo TOTAL España Francia Brasil Chile Argentina Puerto Rico Resto del mundo TOTAL * 2013 reexpresado considerando el impacto de la entrada en vigor en 2014 de la NIIF 10 y la NIIF 11.;¿Cuál es el resultado de los incrementos que se han registrado en los principales países en los que opera?;En 2014, la actividad en las autopistas del Grupo presenta una evolución positiva
4041;Durante el ejercicio 2017, la Comisión inició el proceso de selección para cubrir la vacante producida en el Consejo de Administración, como consecuencia de la Selección de consejeros.;¿Qué sucedió a raíz de la selección de consejeros?;Durante el ejercicio 2017, la Comisión inició el proceso de selección para cubrir la vacante producida en el Consejo de Administración
4042;Los mercados financieros globales presentaron a principios de año un tono muy negativo a partir de la caída del precio del petróleo, la persistencia de las salidas de capitales de China y las dudas sobre la economía estadounidense. La situación se recondujo posteriormente gracias a los menores temores sobre una recesión global, el repunte del precio del crudo, las medidas de laxitud monetaria adoptadas por China y el Banco Central Europeo (BCE) y el tono más laxo de la Reserva Federal (Fed) de Estados Unidos. Por otra parte, tras el referéndum en el Reino Unido a finales de junio y la elección de Trump como presidente de Estados Unidos en noviembre, también se produjeron importantes movimientos en los mercados financieros. Estos eventos, sin embargo, no propiciaron ni un malfuncionamiento de los mercados financieros ni problemas de liquidez.;¿A qué se debió que la situación se recondujera?;a los menores temores sobre una recesión global, el repunte del precio del crudo, las medidas de laxitud monetaria adoptadas por China y el Banco Central Europeo (BCE) y el tono más laxo de la Reserva Federal (Fed) de Estados Unidos
4043;En noviembre de 2015 el BCE comunicó a las entidades los requerimientos de capital mínimos con los que deberán operar desde enero de 2016, como resultado del proceso de revisión y evaluación supervisora (SREP).;¿Qué sucedió a raíz del proceso de revisión y evaluación supervisora?;En noviembre de 2015 el BCE comunicó a las entidades los requerimientos de capital mínimos con los que deberán operar desde enero de 2016
4044;Como no podía ser de otra manera, la volatilidad en los mercados mundiales de deuda pública se ha trasladado a todos los segmentos de la renta fija corporativa que han visto caídas de precios de los bonos y por consiguiente fuertes repuntes de la rentabilidad que, a diferencia de la deuda pública, apenas se han recuperado en los meses finales del ejercicio.;¿Por qué motivo ha habido fuertes repuntes de la rentabilidad?;la volatilidad en los mercados mundiales de deuda pública se ha trasladado a todos los segmentos de la renta fija corporativa que han visto caídas de precios de los bonos
4045;Nos importan mucho estos rankings de satisfacción y los datos de vinculación, pues son la mejor manera de medir el pulso del negocio.;¿Por qué les importan mucho los rankings de satisfacción y los datos de vinculación?;son la mejor manera de medir el pulso del negocio
4046;No obstante, a la hora de trasladar nuestros resultados a Euros, nos veremos negativamente afectados, ya que el tipo de cambio USD/EUR medio que usamos en el primer trimestre de 2017 fue 1.07, el cual se comparará con un nivel que será significativamente más alto en los primeros meses de 2018.;¿Por qué se verán afectados a la hora de trasladar los resultados a euros?;el tipo de cambio USD/EUR medio que usamos en el primer trimestre de 2017 fue 1.07, el cual se comparará con un nivel que será significativamente más alto en los primeros meses de 2018
4048;Gracias a esta metodología podemos gestionar el componente social dentro del despliegue de Red y mejorar nuestra relación con las comunidades.;¿Qué ha provocado esta metodología?;podemos gestionar el componente social dentro del despliegue de Red y mejorar nuestra relación con las comunidades
4050;En Estados Unidos y en concreto en el estado de Washington, Seattle Department of Transport (SDOT) ha contratado 10 tranvías de tres módulos que podrán circular en tramos de trazado sin catenaria, gracias al sistema de acumulación de energía embarcado desarrollado en el seno del Grupo CAF .;¿Qué ha provocado el sistema de acumulación de energía embarcado desarrollado en el Grupo CAF?;En Estados Unidos y en concreto en el estado de Washington, Seattle Department of Transport (SDOT) ha contratado 10 tranvías de tres módulos que podrán circular en tramos de trazado sin catenaria
4051.a;Entre el conjunto de desequilibrios financieros acumulados por la economía española, el excesivo endeudamiento de las empresas tiene especial relevancia por cuanto supone un freno a la recuperación de la inversión y por consiguiente a la recuperación del empleo.;¿Qué ha provocado la recuperación del empleo?;un freno a la recuperación de la inversión
4051.b;Entre el conjunto de desequilibrios financieros acumulados por la economía española, el excesivo endeudamiento de las empresas tiene especial relevancia por cuanto supone un freno a la recuperación de la inversión y por consiguiente a la recuperación del empleo.;¿Por qué el excesivo endeudamiento de las empresas es especialmente relevante?;supone un freno a la recuperación de la inversión
4052;I TALENT CENTRES: CAPTACIÓN DEL TALENTO PARA TIENDA Hace más de una década pusimos en marcha nuestros Talent Centres concebidos como puntos de encuentro con nuestros potenciales candidatos en 11 ciudades clave para Inditex como consecuencia de nuestra presencia comercial: Madrid, Barcelona, Londres, Milán, París, Moscú, Estambul, Nueva York, México DF, Shanghai y Pekín, que abrimos a finales de 2017 para dar apoyo a más de 200 tiendas en la zona norte de China.;¿Por qué razón hace más de diez años pusieron en marcha los Talent Centres?;nuestra presencia comercial: Madrid, Barcelona, Londres, Milán, París, Moscú, Estambul, Nueva York, México DF, Shanghai y Pekín, que abrimos a finales de 2017 para dar apoyo a más de 200 tiendas en la zona norte de China
4055;LIBRO DE ESTILO DIRECTIVO El elemento clave de la responsabilidad directiva es la gestión y el desarrollo de los equipos, ya que el éxito del proyecto de Bankia solo es posible a través de la implicación de todas las personas que trabajan en el banco.;¿Por qué la gestión y el desarrollo de los equipos es el elemento clave de la responsabilidad directiva?;el éxito del proyecto de Bankia solo es posible a través de la implicación de todas las personas que trabajan en el banco
4056;La estructura de capital del Grupo viene determinada por el bajo ratio de endeudamiento, debido a la práctica inexistencia de financiación, y la fortaleza de los recursos propios. 328 Cuentas anuales Informe de gestión consolidado 102-15 I 6.4.;¿A qué se atribuye que la estructura de capital del Grupo venga determinada por el bajo ratio de endeudamiento?;a la práctica inexistencia de financiación, y la fortaleza de los recursos propios
4057;Además, la realización de inventarios es también más eficiente y un 80% más rápida gracias a esta tecnología.;¿Qué supone esta tecnología?;la realización de inventarios es también más eficiente y un 80% más rápida
4059;Gracias a este estudio, ENDESA ha podido identificar un conjunto de asuntos de sostenibilidad que son de elevada importancia para los grupos de interés y que, o bien son prioritarios en la estrategia actual del negocio, o bien deben ser incorporados con un mayor nivel de proactividad para lograr satisfacer las expectativas de dichos grupos de interés.;¿Qué provoca este estudio?;ENDESA ha podido identificar un conjunto de asuntos de sostenibilidad que son de elevada importancia para los grupos de interés
4060;Disponible en el mercado desde el pasado 1 de abril, este lanzamiento supuso una importante evolución en la forma de medir las audiencias y de vender la publicidad, gracias a un acuerdo alcanzado con Kantar Worldpanel.;¿A qué se debe que el lanzamiento haya evolucionado la forma de medir las audiencias y de vender la publicidad?;a un acuerdo alcanzado con Kantar Worldpanel
4061;La morosidad y el coste de crédito permanecen en niveles estables gracias a la mejora de desempeño de las carteras de auto en SC USA, tras la implantación de la nueva política de riesgos que tuvo lugar en el primer trimestre, enfocada a mejorar el perfil de las nuevas operaciones, y tras los ajustes realizados en el sector de Oil&Gas, en línea con la industria, en Santander Bank.;¿Qué ha provocado la mejora de desempeño de las carteras de auto en SC USA?;La morosidad y el coste de crédito permanecen en niveles estables
4064;En las cuentas anuales consolidadas adjuntas no se ha registrado provisión alguna por este concepto, ya que no están previstas situaciones de esta naturaleza. o) Aspectos medioambientales El Grupo sigue el criterio de registrar las inversiones medioambientales a su coste de adquisición o de producción, neto de su amortización acumulada, clasificándolas en el epígrafe correspondiente del inmovilizado en función de su naturaleza (Notas 8 y 21 .c).;¿Por qué no se ha registrado ninguna provisión por este concepto en las cuentas anuales consolidadas adjuntas?;no están previstas situaciones de esta naturaleza
